Frame,Timecode,Delta RGB,Delta Frame
0,00:00.0,72.69458767,0
1,00:00.0,72.69466146,7.38E-05
2,00:00.1,72.71065104,0.015989583
3,00:00.1,72.77612847,0.065477431
4,00:00.1,73.18673177,0.410603299
5,00:00.2,73.43005208,0.243320312
6,00:00.2,73.41898003,-0.011072049
7,00:00.2,73.48998264,0.071002604
8,00:00.3,73.75481771,0.264835069
9,00:00.3,73.92834635,0.173528646
10,00:00.3,73.97897135,0.050625
11,00:00.4,73.9911849,0.012213542
12,00:00.4,74.10521701,0.114032118
13,00:00.4,73.99051215,-0.114704861
14,00:00.5,73.79491319,-0.195598958
15,00:00.5,73.58813368,-0.206779514
16,00:00.5,73.58776476,-0.000368924
17,00:00.6,73.20064236,-0.387122396
18,00:00.6,72.96559462,-0.235047743
19,00:00.6,72.46141493,-0.504179687
20,00:00.7,72.02577691,-0.435638021
21,00:00.7,72.02709635,0.001319444
22,00:00.7,72.09160156,0.064505208
23,00:00.8,72.36367622,0.272074653
24,00:00.8,72.80157118,0.437894965
25,00:00.8,73.39503906,0.593467882
26,00:00.9,73.38330295,-0.011736111
27,00:00.9,73.39948351,0.016180556
28,00:00.9,73.80111111,0.401627604
29,00:01.0,74.38031684,0.579205729
30,00:01.0,74.85894965,0.478632812
31,00:01.0,74.85678819,-0.002161458
32,00:01.1,75.06584201,0.209053819
33,00:01.1,74.97136285,-0.094479167
34,00:01.1,74.84605035,-0.1253125
35,00:01.2,74.85476128,0.008710937
36,00:01.2,74.85533854,0.000577257
37,00:01.2,74.87792535,0.022586806
38,00:01.3,74.95846354,0.080538194
39,00:01.3,75.16916667,0.210703125
40,00:01.3,75.23974392,0.070577257
41,00:01.4,75.23476128,-0.004982639
42,00:01.4,75.41547309,0.180711806
43,00:01.4,75.63552951,0.220056424
44,00:01.5,75.84736111,0.211831597
45,00:01.5,75.73884115,-0.108519965
46,00:01.5,75.74384549,0.00500434
47,00:01.6,75.49142361,-0.252421875
48,00:01.6,75.30523872,-0.186184896
49,00:01.6,75.51323785,0.207999132
50,00:01.7,75.64892795,0.135690104
51,00:01.7,75.64825521,-0.000672743
52,00:01.7,75.89162326,0.243368056
53,00:01.8,76.02134115,0.129717882
54,00:01.8,76.16566406,0.144322917
55,00:01.8,76.39221354,0.226549479
56,00:01.9,76.38729167,-0.004921875
57,00:01.9,76.60096788,0.213676215
58,00:01.9,76.31954427,-0.281423611
59,00:02.0,76.36959635,0.050052083
60,00:02.0,76.1963151,-0.17328125
61,00:02.0,76.1963151,0
62,00:02.1,75.93410156,-0.262213542
63,00:02.1,75.71976997,-0.214331597
64,00:02.1,75.56235677,-0.157413194
65,00:02.2,75.44360243,-0.11875434
66,00:02.2,75.44434028,0.000737847
67,00:02.2,75.07721788,-0.367122396
68,00:02.3,74.94700521,-0.130212674
69,00:02.3,75.13568576,0.188680556
70,00:02.3,75.3606467,0.224960938
71,00:02.4,75.35296875,-0.007677951
72,00:02.4,75.65904948,0.306080729
73,00:02.4,75.90457899,0.245529514
74,00:02.5,75.80284722,-0.101731771
75,00:02.5,75.71979167,-0.083055556
76,00:02.5,75.71980035,8.68E-06
77,00:02.6,76.05107639,0.331276042
78,00:02.6,76.26027778,0.209201389
79,00:02.6,76.22657986,-0.033697917
80,00:02.7,75.97194878,-0.254631076
81,00:02.7,75.97509549,0.003146701
82,00:02.7,75.76980469,-0.205290799
83,00:02.8,75.63129774,-0.138506944
84,00:02.8,75.51161024,-0.1196875
85,00:02.8,75.65852865,0.146918403
86,00:02.9,75.65472222,-0.003806424
87,00:02.9,75.92956163,0.27483941
88,00:02.9,75.80077257,-0.128789062
89,00:03.0,75.90554253,0.104769965
90,00:03.0,75.97270399,0.067161458
91,00:03.0,75.96325955,-0.009444444
92,00:03.1,76.27330295,0.310043403
93,00:03.1,76.3616059,0.088302951
94,00:03.1,76.42801215,0.06640625
95,00:03.2,76.28365451,-0.144357639
96,00:03.2,76.28261719,-0.001037326
97,00:03.2,76.04309462,-0.239522569
98,00:03.3,76.15163194,0.108537326
99,00:03.3,76.42113715,0.269505208
100,00:03.3,76.20376736,-0.217369792
101,00:03.4,76.20460069,0.000833333
102,00:03.4,75.94437066,-0.260230035
103,00:03.4,76.02894097,0.084570313
104,00:03.5,76.07959201,0.050651042
105,00:03.5,76.30652344,0.226931424
106,00:03.5,76.30421441,-0.002309028
107,00:03.6,76.48543837,0.181223958
108,00:03.6,76.22508681,-0.260351562
109,00:03.6,76.04274306,-0.18234375
110,00:03.7,75.75104167,-0.291701389
111,00:03.7,75.75197483,0.00093316
112,00:03.7,75.80758681,0.055611979
113,00:03.8,75.86551215,0.057925347
114,00:03.8,75.86899306,0.003480903
115,00:03.8,75.85734375,-0.011649306
116,00:03.9,75.82679253,-0.030551215
117,00:03.9,75.57510851,-0.251684028
118,00:03.9,75.47358507,-0.101523438
119,00:04.0,75.63131944,0.157734375
120,00:04.0,75.70290799,0.071588542
121,00:04.0,75.70280382,-0.000104167
122,00:04.1,75.88263455,0.179830729
123,00:04.1,76.09099826,0.208363715
124,00:04.1,76.14635417,0.055355903
125,00:04.2,76.12830729,-0.018046875
126,00:04.2,76.12821615,-9.11E-05
127,00:04.2,76.08497396,-0.043242188
128,00:04.3,75.71601128,-0.368962674
129,00:04.3,75.72634115,0.010329861
130,00:04.3,75.50094184,-0.225399306
131,00:04.4,75.50170573,0.000763889
132,00:04.4,75.52979601,0.028090278
133,00:04.4,75.65104601,0.12125
134,00:04.5,75.6556901,0.004644097
135,00:04.5,75.72729167,0.071601563
136,00:04.5,75.71448351,-0.01280816
137,00:04.6,75.71059896,-0.003884549
138,00:04.6,75.56756944,-0.143029514
139,00:04.6,75.79121528,0.223645833
140,00:04.7,75.59908854,-0.192126736
141,00:04.7,75.59890625,-0.000182292
142,00:04.7,75.01340278,-0.585503472
143,00:04.8,74.41431424,-0.599088542
144,00:04.8,73.75292969,-0.661384549
145,00:04.8,73.3533941,-0.39953559
146,00:04.9,73.36703993,0.013645833
147,00:04.9,72.68616319,-0.680876736
148,00:04.9,73.99749566,1.311332465
149,00:05.0,73.80449653,-0.192999132
150,00:05.0,74.82237413,1.017877604
151,00:05.0,74.83802517,0.015651042
152,00:05.1,75.4212717,0.583246528
153,00:05.1,76.45233073,1.031059028
154,00:05.1,77.30643229,0.854101562
155,00:05.2,77.89864583,0.592213542
156,00:05.2,77.90628906,0.007643229
157,00:05.2,78.64645399,0.740164931
158,00:05.3,79.18046441,0.534010417
159,00:05.3,79.7597092,0.579244792
160,00:05.3,80.6209809,0.861271701
161,00:05.4,80.62624132,0.005260417
162,00:05.4,80.80230035,0.176059028
163,00:05.4,81.9584375,1.156137153
164,00:05.5,83.26347222,1.305034722
165,00:05.5,84.33186632,1.068394097
166,00:05.5,84.35290365,0.021037326
167,00:05.6,85.17486111,0.821957465
168,00:05.6,85.54269531,0.367834201
169,00:05.6,85.94351128,0.400815972
170,00:05.7,86.51392361,0.570412326
171,00:05.7,86.55269531,0.038771701
172,00:05.7,87.51218316,0.959487847
173,00:05.8,88.44698785,0.934804688
174,00:05.8,89.35297309,0.905985243
175,00:05.8,91.38109375,2.02812066
176,00:05.9,91.39446615,0.013372396
177,00:05.9,92.15088976,0.756423611
178,00:05.9,94.71623698,2.565347222
179,00:06.0,95.58421007,0.86797309
180,00:06.0,96.96792101,1.383710938
181,00:06.0,96.97536024,0.007439236
182,00:06.1,97.41138455,0.436024306
183,00:06.1,98.34200955,0.930625
184,00:06.1,98.97687066,0.634861111
185,00:06.2,99.50038628,0.523515625
186,00:06.2,99.48820313,-0.01218316
187,00:06.2,99.98226128,0.49405816
188,00:06.3,100.7112413,0.728980035
189,00:06.3,100.8746094,0.163368056
190,00:06.3,101.1332161,0.258606771
191,00:06.4,101.1644314,0.031215278
192,00:06.4,101.2579991,0.093567708
193,00:06.4,101.2958984,0.037899306
194,00:06.5,101.241684,-0.05421441
195,00:06.5,101.1573264,-0.084357639
196,00:06.5,101.1619705,0.004644097
197,00:06.6,101.150013,-0.011957465
198,00:06.6,100.8075868,-0.342426215
199,00:06.6,100.6275434,-0.180043403
200,00:06.7,100.7639757,0.136432292
201,00:06.7,100.8038411,0.039865451
202,00:06.7,100.4565582,-0.347282986
203,00:06.8,100.3928342,-0.063723958
204,00:06.8,100.2834028,-0.109431424
205,00:06.8,100.5476345,0.264231771
206,00:06.9,100.5613151,0.013680556
207,00:06.9,101.2111024,0.649787326
208,00:06.9,103.3320226,2.120920139
209,00:07.0,103.9480078,0.615985243
210,00:07.0,104.5817318,0.633723958
211,00:07.0,104.5843099,0.002578125
212,00:07.1,105.6290885,1.044778646
213,00:07.1,107.074987,1.445898438
214,00:07.1,108.2473134,1.172326389
215,00:07.2,109.13477,0.887456597
216,00:07.2,109.1336849,-0.001085069
217,00:07.2,110.0497656,0.916080729
218,00:07.3,110.593533,0.543767361
219,00:07.3,111.1297786,0.53624566
220,00:07.3,111.448138,0.318359375
221,00:07.4,111.5155469,0.067408854
222,00:07.4,111.8643403,0.348793403
223,00:07.4,112.0013542,0.137013889
224,00:07.5,112.0841319,0.082777778
225,00:07.5,112.2477951,0.163663194
226,00:07.5,112.2446701,-0.003125
227,00:07.6,112.486862,0.24219184
228,00:07.6,112.4774826,-0.00937934
229,00:07.6,112.6926432,0.21516059
230,00:07.7,112.9578038,0.26516059
231,00:07.7,112.9610894,0.00328559
232,00:07.7,113.3088368,0.347747396
233,00:07.8,113.4257682,0.116931424
234,00:07.8,113.6173915,0.191623264
235,00:07.8,113.9219488,0.304557292
236,00:07.9,113.9283898,0.006440972
237,00:07.9,114.2504774,0.322087674
238,00:07.9,114.2964019,0.045924479
239,00:08.0,114.2921007,-0.004301215
240,00:08.0,114.3563368,0.064236111
241,00:08.0,114.3563368,0
242,00:08.1,114.4524089,0.096072049
243,00:08.1,114.5518056,0.099396701
244,00:08.1,114.547487,-0.004318576
245,00:08.2,114.3940104,-0.153476562
246,00:08.2,114.3934852,-0.000525174
247,00:08.2,114.4032943,0.009809028
248,00:08.3,114.3835069,-0.019787326
249,00:08.3,114.3782639,-0.005243056
250,00:08.3,114.3078212,-0.070442708
251,00:08.4,114.3112153,0.003394097
252,00:08.4,114.382908,0.071692708
253,00:08.4,114.3850087,0.002100694
254,00:08.5,114.3951476,0.010138889
255,00:08.5,114.293125,-0.102022569
256,00:08.5,114.2865799,-0.006545139
257,00:08.6,114.1840712,-0.102508681
258,00:08.6,113.9913628,-0.192708333
259,00:08.6,113.9980078,0.006644965
260,00:08.7,113.9893099,-0.008697917
261,00:08.7,113.9853646,-0.003945313
262,00:08.7,113.7505816,-0.234782986
263,00:08.8,113.5421875,-0.208394097
264,00:08.8,113.4437326,-0.098454861
265,00:08.8,113.3602517,-0.083480903
266,00:08.9,113.3649696,0.004717882
267,00:08.9,113.140434,-0.22453559
268,00:08.9,113.0205252,-0.119908854
269,00:09.0,113.0270052,0.006480035
270,00:09.0,113.1187023,0.091697049
271,00:09.0,113.118138,-0.000564236
272,00:09.1,113.1006033,-0.017534722
273,00:09.1,113.1182769,0.017673611
274,00:09.1,113.1298655,0.011588542
275,00:09.2,113.1515885,0.02172309
276,00:09.2,113.1519227,0.000334201
277,00:09.2,113.1682248,0.016302083
278,00:09.3,113.3388455,0.17062066
279,00:09.3,113.6350564,0.296210938
280,00:09.3,113.9829123,0.347855903
281,00:09.4,113.9857422,0.002829861
282,00:09.4,114.4724089,0.486666667
283,00:09.4,115.0413368,0.568927951
284,00:09.5,115.5240625,0.482725694
285,00:09.5,116.1605599,0.636497396
286,00:09.5,116.1516233,-0.008936632
287,00:09.6,116.8259809,0.674357639
288,00:09.6,117.0642795,0.238298611
289,00:09.6,117.3863238,0.322044271
290,00:09.7,117.417921,0.031597222
291,00:09.7,117.4179774,5.64E-05
292,00:09.7,117.3701128,-0.047864583
293,00:09.8,117.4314366,0.061323785
294,00:09.8,117.5751432,0.143706597
295,00:09.8,117.694579,0.119435764
296,00:09.9,117.699184,0.004605035
297,00:09.9,117.7099826,0.010798611
298,00:09.9,117.8539714,0.143988715
299,00:10.0,117.9891146,0.135143229
300,00:10.0,118.2009592,0.211844618
301,00:10.0,118.2009592,0
302,00:10.1,118.4232552,0.222296007
303,00:10.1,118.6233984,0.200143229
304,00:10.1,118.834349,0.210950521
305,00:10.2,119.0524262,0.218077257
306,00:10.2,119.0482465,-0.004179687
307,00:10.2,119.3223438,0.274097222
308,00:10.3,119.6655382,0.343194444
309,00:10.3,120.2880686,0.622530382
310,00:10.3,120.9652561,0.6771875
311,00:10.4,120.9661328,0.000876736
312,00:10.4,121.8401432,0.874010417
313,00:10.4,122.5279948,0.687851563
314,00:10.5,123.0417622,0.513767361
315,00:10.5,123.942474,0.900711806
316,00:10.5,123.940651,-0.001822917
317,00:10.6,124.8610677,0.920416667
318,00:10.6,125.7874783,0.92641059
319,00:10.6,126.7859722,0.998493924
320,00:10.7,127.4976389,0.711666667
321,00:10.7,127.4884462,-0.009192708
322,00:10.7,128.1701215,0.681675347
323,00:10.8,128.9488455,0.778723958
324,00:10.8,129.5628255,0.613980035
325,00:10.8,129.9663585,0.403532986
326,00:10.9,129.9661632,-0.000195313
327,00:10.9,130.4066102,0.440447049
328,00:10.9,130.9629036,0.556293403
329,00:11.0,131.0555382,0.092634549
330,00:11.0,131.155599,0.100060764
331,00:11.0,131.1428602,-0.012738715
332,00:11.1,131.2122873,0.069427083
333,00:11.1,131.1707899,-0.041497396
334,00:11.1,131.0154948,-0.155295139
335,00:11.2,131.1003689,0.084874132
336,00:11.2,131.0967969,-0.003572049
337,00:11.2,131.432691,0.335894097
338,00:11.3,131.7570747,0.324383681
339,00:11.3,132.2125391,0.45546441
340,00:11.3,132.3225477,0.110008681
341,00:11.4,132.3303689,0.007821181
342,00:11.4,132.8353863,0.505017361
343,00:11.4,133.7078819,0.87249566
344,00:11.5,134.7209766,1.013094618
345,00:11.5,135.9044531,1.183476563
346,00:11.5,135.9009332,-0.003519965
347,00:11.6,137.332066,1.431132813
348,00:11.6,138.709401,1.377335069
349,00:11.6,140.2425,1.533098958
350,00:11.7,141.7971484,1.554648437
351,00:11.7,141.7974653,0.00031684
352,00:11.7,143.6411198,1.843654514
353,00:11.8,145.650191,2.009071181
354,00:11.8,147.5543403,1.904149306
355,00:11.8,149.3134505,1.759110243
356,00:11.9,149.3088455,-0.004605035
357,00:11.9,151.0208594,1.712013889
358,00:11.9,154.1476997,3.126840278
359,00:12.0,156.0336936,1.885993924
360,00:12.0,157.8455729,1.81187934
361,00:12.0,157.8357639,-0.009809028
362,00:12.1,159.4004297,1.564665799
363,00:12.1,160.8432205,1.442790799
364,00:12.1,161.9810764,1.137855903
365,00:12.2,162.9823785,1.001302083
366,00:12.2,162.9831771,0.000798611
367,00:12.2,164.0014236,1.018246528
368,00:12.3,165.1372179,1.135794271
369,00:12.3,166.8138325,1.676614583
370,00:12.3,168.7380078,1.924175347
371,00:12.4,168.7353299,-0.002677951
372,00:12.4,170.8868967,2.15156684
373,00:12.4,173.0880686,2.201171875
374,00:12.5,175.3694705,2.28140191
375,00:12.5,177.8292274,2.459756944
376,00:12.5,177.8274349,-0.001792535
377,00:12.6,180.4123785,2.584943576
378,00:12.6,183.0604514,2.648072917
379,00:12.6,185.8364453,2.775993924
380,00:12.7,188.430434,2.593988715
381,00:12.7,188.4457769,0.015342882
382,00:12.7,191.2336241,2.787847222
383,00:12.8,194.0318446,2.798220486
384,00:12.8,197.2997656,3.267921007
385,00:12.8,200.6763281,3.3765625
386,00:12.9,200.6731814,-0.003146701
387,00:12.9,204.2159418,3.542760417
388,00:12.9,210.2679731,6.05203125
389,00:13.0,213.2608637,2.992890625
390,00:13.0,216.2967057,3.035842014
391,00:13.0,216.296454,-0.000251736
392,00:13.1,219.5965191,3.300065104
393,00:13.1,223.0630599,3.466540799
394,00:13.1,226.1637977,3.100737847
395,00:13.2,228.910217,2.746419271
396,00:13.2,228.9095964,-0.00062066
397,00:13.2,231.5318924,2.622296007
398,00:13.3,233.1596788,1.627786458
399,00:13.3,234.2140061,1.054327257
400,00:13.3,234.5357943,0.321788194
401,00:13.4,234.5383637,0.002569444
402,00:13.4,234.5996181,0.06125434
403,00:13.4,234.1635547,-0.436063368
404,00:13.5,233.3838411,-0.779713542
405,00:13.5,233.1988238,-0.185017361
406,00:13.5,233.2036328,0.004809028
407,00:13.6,233.4245313,0.220898438
408,00:13.6,233.0511806,-0.373350694
409,00:13.6,233.2408507,0.189670139
410,00:13.7,233.8053689,0.564518229
411,00:13.7,233.8049957,-0.000373264
412,00:13.7,234.0141406,0.209144965
413,00:13.8,233.391059,-0.623081597
414,00:13.8,232.4187413,-0.972317708
415,00:13.8,231.1507031,-1.268038194
416,00:13.9,231.1463976,-0.004305556
417,00:13.9,229.4186068,-1.727790799
418,00:13.9,224.3892144,-5.029392361
419,00:14.0,220.7216493,-3.667565104
420,00:14.0,216.5527517,-4.168897569
421,00:14.0,216.5532205,0.00046875
422,00:14.1,212.5722266,-3.980993924
423,00:14.1,208.0511545,-4.521072049
424,00:14.1,203.2483507,-4.802803819
425,00:14.2,198.5841276,-4.66422309
426,00:14.2,198.577717,-0.00641059
427,00:14.2,194.2919922,-4.285724826
428,00:14.3,190.0166363,-4.275355903
429,00:14.3,184.9965842,-5.020052083
430,00:14.3,180.2733898,-4.723194444
431,00:14.4,180.2713932,-0.001996528
432,00:14.4,175.528776,-4.742617188
433,00:14.4,170.7166189,-4.812157118
434,00:14.5,166.3036979,-4.412921007
435,00:14.5,162.3424132,-3.961284722
436,00:14.5,162.3423741,-3.91E-05
437,00:14.6,158.67477,-3.667604167
438,00:14.6,154.92977,-3.745
439,00:14.6,151.1365148,-3.793255208
440,00:14.7,148.7382813,-2.398233507
441,00:14.7,148.7381771,-0.000104167
442,00:14.7,147.8481901,-0.889986979
443,00:14.8,146.4821311,-1.366059028
444,00:14.8,144.5031337,-1.978997396
445,00:14.8,143.7122049,-0.790928819
446,00:14.9,143.701875,-0.010329861
447,00:14.9,143.0585286,-0.643346354
448,00:14.9,140.5744444,-2.484084201
449,00:15.0,139.893776,-0.680668403
450,00:15.0,139.7192882,-0.174487847
451,00:15.0,139.6875651,-0.03172309
452,00:15.1,139.4470747,-0.240490451
453,00:15.1,139.2857465,-0.161328125
454,00:15.1,139.243112,-0.042634549
455,00:15.2,138.8777127,-0.365399306
456,00:15.2,138.884349,0.006636285
457,00:15.2,138.260178,-0.624171007
458,00:15.3,138.2201432,-0.040034722
459,00:15.3,138.293355,0.073211806
460,00:15.3,138.2772526,-0.016102431
461,00:15.4,138.2761328,-0.001119792
462,00:15.4,138.0259288,-0.250203993
463,00:15.4,137.590447,-0.435481771
464,00:15.5,137.1888976,-0.401549479
465,00:15.5,136.7745009,-0.414396701
466,00:15.5,136.7767231,0.002222222
467,00:15.6,136.6311892,-0.145533854
468,00:15.6,136.878112,0.246922743
469,00:15.6,136.9439106,0.065798611
470,00:15.7,136.6278906,-0.316019965
471,00:15.7,136.6256771,-0.002213542
472,00:15.7,136.3458984,-0.279778646
473,00:15.8,136.6543316,0.30843316
474,00:15.8,136.6733247,0.018993056
475,00:15.8,136.8125651,0.139240451
476,00:15.9,136.7989583,-0.013606771
477,00:15.9,137.4114583,0.6125
478,00:15.9,138.7261675,1.314709201
479,00:16.0,139.3317448,0.605577257
480,00:16.0,139.7198828,0.388138021
481,00:16.0,139.7203993,0.000516493
482,00:16.1,140.0992578,0.378858507
483,00:16.1,140.4197483,0.320490451
484,00:16.1,140.5666233,0.146875
485,00:16.2,140.7905035,0.223880208
486,00:16.2,140.7833941,-0.007109375
487,00:16.2,141.1857161,0.402322049
488,00:16.3,141.3412196,0.155503472
489,00:16.3,141.9727344,0.631514757
490,00:16.3,142.410842,0.438107639
491,00:16.4,142.4080208,-0.002821181
492,00:16.4,142.9883854,0.580364583
493,00:16.4,143.4903038,0.501918403
494,00:16.5,143.7648177,0.274513889
495,00:16.5,144.5575955,0.792777778
496,00:16.5,144.5468273,-0.010768229
497,00:16.6,145.2975868,0.750759549
498,00:16.6,145.5630512,0.26546441
499,00:16.6,145.8833594,0.32030816
500,00:16.7,146.1471528,0.263793403
501,00:16.7,146.1474392,0.000286458
502,00:16.7,146.4927691,0.345329861
503,00:16.8,146.600842,0.108072917
504,00:16.8,146.9985938,0.397751736
505,00:16.8,147.1926649,0.194071181
506,00:16.9,147.1877908,-0.004874132
507,00:16.9,147.2260026,0.038211806
508,00:16.9,147.5302604,0.304257812
509,00:17.0,147.7292925,0.199032118
510,00:17.0,147.9854601,0.256167535
511,00:17.0,147.9754948,-0.009965278
512,00:17.1,148.4648698,0.489375
513,00:17.1,148.7611198,0.29625
514,00:17.1,149.0750391,0.313919271
515,00:17.2,149.1443533,0.069314236
516,00:17.2,149.1168142,-0.027539063
517,00:17.2,149.094822,-0.021992187
518,00:17.3,149.4408811,0.346059028
519,00:17.3,149.563533,0.12265191
520,00:17.3,149.0811024,-0.482430556
521,00:17.4,149.0589323,-0.022170139
522,00:17.4,148.7614757,-0.297456597
523,00:17.4,148.1815799,-0.579895833
524,00:17.5,147.7580382,-0.423541667
525,00:17.5,146.6704384,-1.087599826
526,00:17.5,146.6652214,-0.005217014
527,00:17.6,145.9942188,-0.671002604
528,00:17.6,145.1673698,-0.826848958
529,00:17.6,144.1451563,-1.022213542
530,00:17.7,143.0379427,-1.107213542
531,00:17.7,143.0277865,-0.01015625
532,00:17.7,142.7548698,-0.272916667
533,00:17.8,142.5907292,-0.164140625
534,00:17.8,142.5845616,-0.006167535
535,00:17.8,142.7962457,0.211684028
536,00:17.9,142.7657118,-0.030533854
537,00:17.9,143.0543056,0.28859375
538,00:17.9,142.3828255,-0.671480035
539,00:18.0,142.2081424,-0.17468316
540,00:18.0,140.6275521,-1.580590278
541,00:18.0,140.6271571,-0.000394965
542,00:18.1,140.7425651,0.115407986
543,00:18.1,139.2411545,-1.50141059
544,00:18.1,135.9744358,-3.26671875
545,00:18.2,133.0961762,-2.878259549
546,00:18.2,133.0609549,-0.035221354
547,00:18.2,130.6115885,-2.449366319
548,00:18.3,128.1643837,-2.447204861
549,00:18.3,126.9867839,-1.177599826
550,00:18.3,124.5586458,-2.428138021
551,00:18.4,124.5553472,-0.003298611
552,00:18.4,123.0505859,-1.504761285
553,00:18.4,120.7860851,-2.264500868
554,00:18.5,118.5906988,-2.195386285
555,00:18.5,115.5075,-3.083198785
556,00:18.5,115.464809,-0.042690972
557,00:18.6,111.3708898,-4.093919271
558,00:18.6,108.1130425,-3.257847222
559,00:18.6,105.8193576,-2.293684896
560,00:18.7,102.7466623,-3.072695312
561,00:18.7,102.7391536,-0.007508681
562,00:18.7,99.82935764,-2.909796007
563,00:18.8,97.12388455,-2.70547309
564,00:18.8,95.48221788,-1.641666667
565,00:18.8,92.77184028,-2.710377604
566,00:18.9,92.70388455,-0.067955729
567,00:18.9,91.96895399,-0.734930556
568,00:18.9,88.83398003,-3.134973958
569,00:19.0,86.71317708,-2.120802951
570,00:19.0,84.30728733,-2.405889757
571,00:19.0,84.28763455,-0.019652778
572,00:19.1,82.77796875,-1.509665799
573,00:19.1,82.56249566,-0.21547309
574,00:19.1,81.76626736,-0.796228299
575,00:19.2,81.32015191,-0.446115451
576,00:19.2,81.30597656,-0.014175347
577,00:19.2,81.76421007,0.458233507
578,00:19.3,82.12825955,0.364049479
579,00:19.3,82.46240017,0.334140625
580,00:19.3,82.53259983,0.070199653
581,00:19.4,82.52994792,-0.00265191
582,00:19.4,82.44739149,-0.082556424
583,00:19.4,83.18532986,0.737938368
584,00:19.5,84.08167969,0.896349826
585,00:19.5,84.80157118,0.719891493
586,00:19.5,84.80103733,-0.000533854
587,00:19.6,85.0443099,0.243272569
588,00:19.6,84.4340408,-0.610269097
589,00:19.6,84.12358073,-0.310460069
590,00:19.7,83.81548611,-0.308094618
591,00:19.7,83.81944444,0.003958333
592,00:19.7,83.58488281,-0.234561632
593,00:19.8,83.17415799,-0.410724826
594,00:19.8,82.27884549,-0.8953125
595,00:19.8,81.85241319,-0.426432292
596,00:19.9,81.84340712,-0.009006076
597,00:19.9,82.08610243,0.242695313
598,00:19.9,81.56373264,-0.522369792
599,00:20.0,81.50282986,-0.060902778
600,00:20.0,81.05058594,-0.452243924
601,00:20.0,81.05058594,0
602,00:20.1,80.58720486,-0.463381076
603,00:20.1,80.57496528,-0.012239583
604,00:20.1,80.66824219,0.09327691
605,00:20.2,80.77153646,0.103294271
606,00:20.2,80.76615017,-0.005386285
607,00:20.2,80.8519401,0.085789931
608,00:20.3,80.63352865,-0.218411458
609,00:20.3,80.38103733,-0.252491319
610,00:20.3,80.54906684,0.168029514
611,00:20.4,80.5322526,-0.016814236
612,00:20.4,80.62351128,0.091258681
613,00:20.4,80.62743056,0.003919271
614,00:20.5,80.48523003,-0.142200521
615,00:20.5,80.37721788,-0.108012153
616,00:20.5,80.36083767,-0.016380208
617,00:20.6,80.41480903,0.053971354
618,00:20.6,80.92927517,0.514466146
619,00:20.6,81.52667535,0.597400174
620,00:20.7,82.14708767,0.620412326
621,00:20.7,82.14910156,0.002013889
622,00:20.7,82.29794705,0.148845486
623,00:20.8,82.51158854,0.213641493
624,00:20.8,82.84510851,0.333519965
625,00:20.8,83.18643229,0.341323785
626,00:20.9,83.18816406,0.001731771
627,00:20.9,83.72551649,0.537352431
628,00:20.9,85.31863715,1.59312066
629,00:21.0,85.51463108,0.195993924
630,00:21.0,85.54798611,0.033355035
631,00:21.0,85.53915365,-0.008832465
632,00:21.1,85.7724783,0.233324653
633,00:21.1,85.62096354,-0.151514757
634,00:21.1,85.13224826,-0.488715278
635,00:21.2,84.56665365,-0.565594618
636,00:21.2,84.56792969,0.001276042
637,00:21.2,84.09440104,-0.473528646
638,00:21.3,83.45924045,-0.63516059
639,00:21.3,82.90974392,-0.549496528
640,00:21.3,82.33944878,-0.570295139
641,00:21.4,82.3378559,-0.001592882
642,00:21.4,82.51792101,0.180065104
643,00:21.4,82.77014757,0.252226562
644,00:21.5,83.21720052,0.447052951
645,00:21.5,84.40349392,1.186293403
646,00:21.5,84.40186198,-0.001631944
647,00:21.6,84.91692708,0.515065104
648,00:21.6,85.64826389,0.731336806
649,00:21.6,86.38690972,0.738645833
650,00:21.7,86.23717014,-0.149739583
651,00:21.7,86.23335503,-0.003815104
652,00:21.7,85.75850694,-0.47484809
653,00:21.8,85.70046875,-0.058038194
654,00:21.8,85.70532118,0.004852431
655,00:21.8,86.49150174,0.786180556
656,00:21.9,86.48941406,-0.002087674
657,00:21.9,87.12407552,0.634661458
658,00:21.9,86.67172309,-0.452352431
659,00:22.0,86.89332031,0.221597222
660,00:22.0,87.50851997,0.615199653
661,00:22.0,87.5047092,-0.003810764
662,00:22.1,87.31811632,-0.186592882
663,00:22.1,86.4477908,-0.870325521
664,00:22.1,85.35118056,-1.096610243
665,00:22.2,84.68829861,-0.662881944
666,00:22.2,84.66207899,-0.026219618
667,00:22.2,84.30914063,-0.352938368
668,00:22.3,83.36921007,-0.939930556
669,00:22.3,83.29309896,-0.076111111
670,00:22.3,83.78042969,0.487330729
671,00:22.4,83.7799349,-0.000494792
672,00:22.4,83.95467882,0.174743924
673,00:22.4,83.9696224,0.014943576
674,00:22.5,83.81384983,-0.155772569
675,00:22.5,83.10038628,-0.713463542
676,00:22.5,83.09657552,-0.003810764
677,00:22.6,82.14651042,-0.950065104
678,00:22.6,81.09768229,-1.048828125
679,00:22.6,80.36588108,-0.731801215
680,00:22.7,79.78642361,-0.579457465
681,00:22.7,79.79073785,0.004314236
682,00:22.7,79.23007378,-0.560664063
683,00:22.8,79.26403646,0.033962674
684,00:22.8,79.30503038,0.040993924
685,00:22.8,79.4199566,0.114926215
686,00:22.9,79.41726997,-0.002686632
687,00:22.9,79.64844618,0.231176215
688,00:22.9,80.29414497,0.645698785
689,00:23.0,80.66426649,0.370121528
690,00:23.0,80.04071181,-0.623554687
691,00:23.0,80.04188802,0.001176215
692,00:23.1,79.47512153,-0.566766493
693,00:23.1,79.37092448,-0.104197049
694,00:23.1,78.86180122,-0.509123264
695,00:23.2,78.58565538,-0.276145833
696,00:23.2,78.58795573,0.002300347
697,00:23.2,78.09609375,-0.491861979
698,00:23.3,77.58166233,-0.514431424
699,00:23.3,77.32720052,-0.254461806
700,00:23.3,77.1343967,-0.192803819
701,00:23.4,77.1283941,-0.006002604
702,00:23.4,77.07565972,-0.052734375
703,00:23.4,77.11230035,0.036640625
704,00:23.5,76.93446181,-0.177838542
705,00:23.5,76.25332031,-0.681141493
706,00:23.5,76.25700521,0.003684896
707,00:23.6,75.72176215,-0.535243056
708,00:23.6,75.3409809,-0.38078125
709,00:23.6,75.24330729,-0.097673611
710,00:23.7,75.02603299,-0.217274306
711,00:23.7,75.03376736,0.007734375
712,00:23.7,74.89664497,-0.137122396
713,00:23.8,74.99020399,0.093559028
714,00:23.8,74.91851563,-0.071688368
715,00:23.8,74.87718316,-0.041332465
716,00:23.9,74.87609375,-0.00108941
717,00:23.9,74.89061198,0.014518229
718,00:23.9,75.03219184,0.141579861
719,00:24.0,75.27439236,0.242200521
720,00:24.0,75.78050347,0.506111111
721,00:24.0,75.78050347,0
722,00:24.1,76.39532552,0.614822049
723,00:24.1,76.7775217,0.382196181
724,00:24.1,77.1875,0.409978299
725,00:24.2,77.21187066,0.02437066
726,00:24.2,77.20756076,-0.004309896
727,00:24.2,76.71927517,-0.48828559
728,00:24.3,76.45803385,-0.261241319
729,00:24.3,76.98673611,0.528702257
730,00:24.3,77.65015625,0.663420139
731,00:24.4,77.64925781,-0.000898437
732,00:24.4,78.04950087,0.400243056
733,00:24.4,77.95486545,-0.094635417
734,00:24.5,78.07820747,0.123342014
735,00:24.5,78.2716059,0.193398437
736,00:24.5,78.30085938,0.029253472
737,00:24.6,78.68467448,0.383815104
738,00:24.6,78.62550347,-0.059171007
739,00:24.6,78.9306467,0.305143229
740,00:24.7,79.05205295,0.12140625
741,00:24.7,79.05799045,0.0059375
742,00:24.7,78.9402474,-0.117743056
743,00:24.8,78.13796875,-0.802278646
744,00:24.8,77.3463151,-0.791653646
745,00:24.8,76.68059028,-0.665724826
746,00:24.9,76.67703125,-0.003559028
747,00:24.9,76.03634983,-0.640681424
748,00:24.9,75.94588542,-0.09046441
749,00:25.0,76.18931424,0.243428819
750,00:25.0,76.31295139,0.123637153
751,00:25.0,76.31630208,0.003350694
752,00:25.1,76.12061632,-0.195685764
753,00:25.1,76.06282552,-0.057790799
754,00:25.1,75.7425651,-0.320260417
755,00:25.2,75.33811632,-0.404448785
756,00:25.2,75.33991753,0.001801215
757,00:25.2,74.92875,-0.411167535
758,00:25.3,74.67144097,-0.257309028
759,00:25.3,74.79059028,0.119149306
760,00:25.3,74.86491753,0.074327257
761,00:25.4,74.86758681,0.002669271
762,00:25.4,74.89390625,0.026319444
763,00:25.4,74.97366319,0.079756944
764,00:25.5,75.22262587,0.248962674
765,00:25.5,75.76870226,0.546076389
766,00:25.5,75.76443142,-0.004270833
767,00:25.6,76.15513455,0.390703125
768,00:25.6,76.44450955,0.289375
769,00:25.6,76.43561198,-0.008897569
770,00:25.7,76.43290799,-0.002703993
771,00:25.7,76.4339974,0.00108941
772,00:25.7,76.51426649,0.080269097
773,00:25.8,76.41105903,-0.103207465
774,00:25.8,76.29487847,-0.116180556
775,00:25.8,75.9414974,-0.353381076
776,00:25.9,75.9378559,-0.003641493
777,00:25.9,75.89458333,-0.043272569
778,00:25.9,75.89329861,-0.001284722
779,00:26.0,75.94196181,0.048663194
780,00:26.0,76.23641927,0.294457465
781,00:26.0,76.23641927,0
782,00:26.1,76.43184028,0.195421007
783,00:26.1,76.4952908,0.063450521
784,00:26.1,76.91585069,0.420559896
785,00:26.2,77.11766927,0.201818576
786,00:26.2,77.12120226,0.003532986
787,00:26.2,76.96239149,-0.158810764
788,00:26.3,76.70780382,-0.254587674
789,00:26.3,76.50503906,-0.202764757
790,00:26.3,76.50049479,-0.004544271
791,00:26.4,76.493125,-0.007369792
792,00:26.4,76.61376736,0.120642361
793,00:26.4,76.70846788,0.094700521
794,00:26.5,76.87107639,0.162608507
795,00:26.5,77.10615017,0.235073785
796,00:26.5,77.09654514,-0.009605035
797,00:26.6,77.1165408,0.01999566
798,00:26.6,77.60770399,0.491163194
799,00:26.6,77.87277344,0.265069444
800,00:26.7,77.93683594,0.0640625
801,00:26.7,77.93563368,-0.001202257
802,00:26.7,77.76947917,-0.166154514
803,00:26.8,77.7640408,-0.005438368
804,00:26.8,77.90077257,0.136731771
805,00:26.8,78.10196181,0.201189236
806,00:26.9,78.10085069,-0.001111111
807,00:26.9,78.37710503,0.27625434
808,00:26.9,78.70616319,0.32905816
809,00:27.0,79.49990017,0.793736979
810,00:27.0,80.12486979,0.624969618
811,00:27.0,80.11165799,-0.013211806
812,00:27.1,79.9769184,-0.134739583
813,00:27.1,79.72602865,-0.250889757
814,00:27.1,79.69441406,-0.031614583
815,00:27.2,80.27204861,0.577634549
816,00:27.2,80.26214844,-0.009900174
817,00:27.2,80.49509549,0.232947049
818,00:27.3,80.54838108,0.05328559
819,00:27.3,80.65796875,0.109587674
820,00:27.3,80.37159722,-0.286371528
821,00:27.4,80.37355903,0.001961806
822,00:27.4,80.53725694,0.163697917
823,00:27.4,80.64919705,0.111940104
824,00:27.5,80.39023003,-0.258967014
825,00:27.5,79.6147309,-0.775499132
826,00:27.5,79.61306858,-0.001662326
827,00:27.6,79.56749566,-0.045572917
828,00:27.6,79.58321615,0.015720486
829,00:27.6,79.75012153,0.166905382
830,00:27.7,79.65058594,-0.09953559
831,00:27.7,79.65671441,0.006128472
832,00:27.7,79.24148003,-0.415234375
833,00:27.8,78.96542535,-0.276054688
834,00:27.8,78.78265625,-0.182769097
835,00:27.8,78.76451823,-0.018138021
836,00:27.9,78.77012587,0.005607639
837,00:27.9,78.96480035,0.194674479
838,00:27.9,78.4227691,-0.54203125
839,00:28.0,78.32828125,-0.094487847
840,00:28.0,78.95015191,0.62187066
841,00:28.0,78.95133247,0.001180556
842,00:28.1,78.51667101,-0.434661458
843,00:28.1,78.25648003,-0.260190972
844,00:28.1,77.84003906,-0.416440972
845,00:28.2,77.51779514,-0.322243924
846,00:28.2,77.50724392,-0.010551215
847,00:28.2,77.14983941,-0.357404514
848,00:28.3,76.69068576,-0.459153646
849,00:28.3,76.35911458,-0.331571181
850,00:28.3,75.7956033,-0.563511285
851,00:28.4,75.80294271,0.00733941
852,00:28.4,75.26753038,-0.535412326
853,00:28.4,74.64878906,-0.618741319
854,00:28.5,74.40636285,-0.242426215
855,00:28.5,74.44580295,0.039440104
856,00:28.5,74.44170139,-0.004101562
857,00:28.6,74.5599566,0.118255208
858,00:28.6,74.62387153,0.063914931
859,00:28.6,74.59812066,-0.025750868
860,00:28.7,74.39361545,-0.204505208
861,00:28.7,74.39246528,-0.001150174
862,00:28.7,74.23280382,-0.159661458
863,00:28.8,74.30164063,0.068836806
864,00:28.8,74.07777778,-0.223862847
865,00:28.8,73.78684896,-0.290928819
866,00:28.9,73.78520399,-0.001644965
867,00:28.9,73.7231033,-0.062100694
868,00:28.9,73.52,-0.203103299
869,00:29.0,73.75086372,0.230863715
870,00:29.0,73.94757813,0.19671441
871,00:29.0,73.94721354,-0.000364583
872,00:29.1,73.92986545,-0.01734809
873,00:29.1,73.73527778,-0.194587674
874,00:29.1,73.65809028,-0.0771875
875,00:29.2,73.60323351,-0.054856771
876,00:29.2,73.60176649,-0.001467014
877,00:29.2,73.50187934,-0.099887153
878,00:29.3,73.27068142,-0.231197917
879,00:29.3,73.37182292,0.101141493
880,00:29.3,73.47874566,0.106922743
881,00:29.4,73.48051215,0.001766493
882,00:29.4,73.59248264,0.111970486
883,00:29.4,73.67387153,0.081388889
884,00:29.5,73.66827257,-0.005598958
885,00:29.5,73.51551649,-0.152756076
886,00:29.5,73.52643663,0.010920139
887,00:29.6,73.87561198,0.349175347
888,00:29.6,74.73043403,0.854822049
889,00:29.6,75.09646267,0.366028646
890,00:29.7,75.11516059,0.018697917
891,00:29.7,75.13018229,0.015021701
892,00:29.7,75.52362413,0.39344184
893,00:29.8,75.69652778,0.172903646
894,00:29.8,76.19245226,0.495924479
895,00:29.8,76.62420139,0.431749132
896,00:29.9,76.63272569,0.008524306
897,00:29.9,76.82620226,0.193476562
898,00:29.9,77.93706597,1.110863715
899,00:30.0,78.86165365,0.924587674
900,00:30.0,79.47056424,0.60891059
901,00:30.0,79.46500868,-0.005555556
902,00:30.1,79.82563802,0.36062934
903,00:30.1,79.72041667,-0.105221354
904,00:30.1,79.09450955,-0.625907118
905,00:30.2,78.41862847,-0.675881076
906,00:30.2,78.4162934,-0.002335069
907,00:30.2,77.54790365,-0.868389757
908,00:30.3,76.36739149,-1.180512153
909,00:30.3,75.75035156,-0.617039931
910,00:30.3,75.65110243,-0.099249132
911,00:30.4,75.64517361,-0.005928819
912,00:30.4,76.32213976,0.676966146
913,00:30.4,76.89323785,0.57109809
914,00:30.5,76.69384115,-0.199396701
915,00:30.5,77.2206684,0.526827257
916,00:30.5,77.22491753,0.004249132
917,00:30.6,77.48799913,0.263081597
918,00:30.6,77.94103733,0.453038194
919,00:30.6,78.43638021,0.495342882
920,00:30.7,78.59096354,0.154583333
921,00:30.7,78.59235677,0.001393229
922,00:30.7,79.01627604,0.423919271
923,00:30.8,79.89032118,0.874045139
924,00:30.8,81.21945747,1.329136285
925,00:30.8,82.9089974,1.689539931
926,00:30.9,82.90763889,-0.001358507
927,00:30.9,84.50114583,1.593506944
928,00:30.9,86.78866319,2.287517361
929,00:31.0,87.71894965,0.930286458
930,00:31.0,87.83133247,0.112382813
931,00:31.0,87.8347092,0.003376736
932,00:31.1,87.88925347,0.054544271
933,00:31.1,88.0671441,0.177890625
934,00:31.1,88.16234375,0.095199653
935,00:31.2,88.58943142,0.427087674
936,00:31.2,88.59358941,0.004157986
937,00:31.2,90.54127604,1.947686632
938,00:31.3,91.47491753,0.933641493
939,00:31.3,91.87632378,0.40140625
940,00:31.3,92.25250868,0.376184896
941,00:31.4,92.25737847,0.004869792
942,00:31.4,92.72863715,0.471258681
943,00:31.4,93.24472222,0.516085069
944,00:31.5,94.03159288,0.78687066
945,00:31.5,93.62639757,-0.405195312
946,00:31.5,93.62610677,-0.000290799
947,00:31.6,94.56779948,0.941692708
948,00:31.6,96.0262934,1.458493924
949,00:31.6,95.95697049,-0.069322917
950,00:31.7,95.89526476,-0.061705729
951,00:31.7,95.88258681,-0.012677951
952,00:31.7,96.1074566,0.224869792
953,00:31.8,96.84302517,0.735568576
954,00:31.8,98.14920573,1.306180556
955,00:31.8,99.05110243,0.901896701
956,00:31.9,99.04151476,-0.009587674
957,00:31.9,99.75407552,0.712560764
958,00:31.9,98.59966146,-1.154414063
959,00:32.0,96.96878472,-1.630876736
960,00:32.0,96.21560764,-0.753177083
961,00:32.0,96.21117622,-0.004431424
962,00:32.1,95.30930556,-0.90187066
963,00:32.1,93.93595052,-1.373355035
964,00:32.1,92.60411458,-1.331835938
965,00:32.2,92.19186198,-0.412252604
966,00:32.2,92.14835938,-0.043502604
967,00:32.2,92.19394531,0.045585938
968,00:32.3,91.99289497,-0.201050347
969,00:32.3,92.28735243,0.294457465
970,00:32.3,92.01802517,-0.269327257
971,00:32.4,92.0156684,-0.002356771
972,00:32.4,90.95289063,-1.062777778
973,00:32.4,90.46184896,-0.491041667
974,00:32.5,90.43883681,-0.023012153
975,00:32.5,90.76733507,0.328498264
976,00:32.5,90.7683724,0.001037326
977,00:32.6,91.49363715,0.725264757
978,00:32.6,91.1849349,-0.308702257
979,00:32.6,90.75811198,-0.426822917
980,00:32.7,89.98221788,-0.775894097
981,00:32.7,89.97960503,-0.002612847
982,00:32.7,89.69437066,-0.285234375
983,00:32.8,89.6758724,-0.018498264
984,00:32.8,88.37375434,-1.302118056
985,00:32.8,87.56788194,-0.805872396
986,00:32.9,87.56696615,-0.000915799
987,00:32.9,87.45636285,-0.110603299
988,00:32.9,88.42694878,0.970585938
989,00:33.0,88.95986979,0.532921007
990,00:33.0,89.00605903,0.046189236
991,00:33.0,88.99302083,-0.013038194
992,00:33.1,89.13921441,0.146193576
993,00:33.1,88.07656684,-1.062647569
994,00:33.1,87.10167101,-0.974895833
995,00:33.2,87.23671875,0.135047743
996,00:33.2,87.23473958,-0.001979167
997,00:33.2,87.01700955,-0.217730035
998,00:33.3,86.21523438,-0.801775174
999,00:33.3,85.59857639,-0.616657986
1000,00:33.3,85.11147135,-0.487105035
1001,00:33.4,85.10543837,-0.006032986
1002,00:33.4,84.86050347,-0.244934896
1003,00:33.4,84.66695313,-0.193550347
1004,00:33.5,84.00814236,-0.658810764
1005,00:33.5,83.64332031,-0.364822049
1006,00:33.5,83.64300347,-0.00031684
1007,00:33.6,83.27606771,-0.366935764
1008,00:33.6,82.85424479,-0.421822917
1009,00:33.6,82.94582031,0.091575521
1010,00:33.7,82.76917101,-0.176649306
1011,00:33.7,82.76564236,-0.003528646
1012,00:33.7,82.8306467,0.06500434
1013,00:33.8,82.68028646,-0.150360243
1014,00:33.8,82.20980035,-0.470486111
1015,00:33.8,81.74813368,-0.461666667
1016,00:33.9,81.74571181,-0.002421875
1017,00:33.9,81.12052951,-0.625182292
1018,00:33.9,80.51182726,-0.608702257
1019,00:34.0,80.2259375,-0.285889757
1020,00:34.0,79.50311632,-0.722821181
1021,00:34.0,79.50333767,0.000221354
1022,00:34.1,79.23227865,-0.271059028
1023,00:34.1,79.49067274,0.258394097
1024,00:34.1,79.84975694,0.359084201
1025,00:34.2,79.95471354,0.104956597
1026,00:34.2,79.9525651,-0.002148438
1027,00:34.2,80.23083333,0.278268229
1028,00:34.3,80.38990885,0.159075521
1029,00:34.3,80.68903212,0.299123264
1030,00:34.3,80.62782986,-0.061202257
1031,00:34.4,80.6461849,0.018355035
1032,00:34.4,80.30863715,-0.337547743
1033,00:34.4,80.0577474,-0.250889757
1034,00:34.5,79.60327691,-0.454470486
1035,00:34.5,78.83908854,-0.764188368
1036,00:34.5,78.83673611,-0.002352431
1037,00:34.6,78.17991753,-0.656818576
1038,00:34.6,77.40708767,-0.772829861
1039,00:34.6,76.93209201,-0.47499566
1040,00:34.7,76.63977431,-0.292317708
1041,00:34.7,76.63943576,-0.000338542
1042,00:34.7,76.21602431,-0.423411458
1043,00:34.8,75.88312066,-0.332903646
1044,00:34.8,75.70250868,-0.180611979
1045,00:34.8,75.21594618,-0.4865625
1046,00:34.9,75.20486111,-0.011085069
1047,00:34.9,74.70514757,-0.499713542
1048,00:34.9,74.67492622,-0.030221354
1049,00:35.0,74.6999566,0.025030382
1050,00:35.0,74.47841146,-0.221545139
1051,00:35.0,74.46805122,-0.010360243
1052,00:35.1,74.41466146,-0.053389757
1053,00:35.1,74.54069444,0.126032986
1054,00:35.1,74.59946181,0.058767361
1055,00:35.2,74.67596354,0.076501736
1056,00:35.2,74.66288628,-0.013077257
1057,00:35.2,74.48866753,-0.17421875
1058,00:35.3,74.34367622,-0.144991319
1059,00:35.3,74.44782118,0.104144965
1060,00:35.3,74.24330295,-0.204518229
1061,00:35.4,74.20745226,-0.035850694
1062,00:35.4,74.37365451,0.166202257
1063,00:35.4,74.20757813,-0.166076389
1064,00:35.5,74.32801649,0.120438368
1065,00:35.5,74.27096354,-0.057052951
1066,00:35.5,74.26536458,-0.005598958
1067,00:35.6,74.24881076,-0.016553819
1068,00:35.6,74.25791233,0.009101563
1069,00:35.6,74.47636719,0.218454861
1070,00:35.7,74.46762153,-0.00874566
1071,00:35.7,74.46110677,-0.006514757
1072,00:35.7,74.34605035,-0.115056424
1073,00:35.8,74.52760417,0.181553819
1074,00:35.8,74.54897569,0.021371528
1075,00:35.8,74.15986979,-0.389105903
1076,00:35.9,74.16135417,0.001484375
1077,00:35.9,74.26975694,0.108402778
1078,00:35.9,74.11751302,-0.152243924
1079,00:36.0,74.04143663,-0.076076389
1080,00:36.0,74.13554253,0.094105903
1081,00:36.0,74.12575521,-0.009787326
1082,00:36.1,74.32346788,0.197712674
1083,00:36.1,74.26708333,-0.056384549
1084,00:36.1,74.12223958,-0.14484375
1085,00:36.2,74.20373698,0.081497396
1086,00:36.2,74.20043837,-0.003298611
1087,00:36.2,74.29607205,0.095633681
1088,00:36.3,73.99519965,-0.300872396
1089,00:36.3,73.8405599,-0.154639757
1090,00:36.3,73.71936632,-0.121193576
1091,00:36.4,73.7202691,0.000902778
1092,00:36.4,73.65663194,-0.063637153
1093,00:36.4,73.61640625,-0.040225694
1094,00:36.5,73.44930122,-0.167105035
1095,00:36.5,73.30048177,-0.148819444
1096,00:36.5,73.30085069,0.000368924
1097,00:36.6,73.17948785,-0.121362847
1098,00:36.6,73.11337674,-0.066111111
1099,00:36.6,73.05539497,-0.057981771
1100,00:36.7,72.72403212,-0.331362847
1101,00:36.7,72.7250651,0.001032986
1102,00:36.7,72.64954861,-0.075516493
1103,00:36.8,72.6762283,0.026679687
1104,00:36.8,72.56806858,-0.108159722
1105,00:36.8,79.64967882,7.081610243
1106,00:36.9,79.64916667,-0.000512153
1107,00:36.9,88.36996528,8.720798611
1108,00:36.9,108.820013,20.45004774
1109,00:37.0,116.5603038,7.740290799
1110,00:37.0,127.1835547,10.62325087
1111,00:37.0,127.1855512,0.001996528
1112,00:37.1,136.0958767,8.910325521
1113,00:37.1,147.4332292,11.33735243
1114,00:37.1,155.2758724,7.842643229
1115,00:37.2,163.748533,8.47266059
1116,00:37.2,163.7578429,0.009309896
1117,00:37.2,175.088737,11.3308941
1118,00:37.3,183.5489497,8.460212674
1119,00:37.3,194.9091319,11.36018229
1120,00:37.3,201.5843403,6.675208333
1121,00:37.4,201.6460764,0.061736111
1122,00:37.4,214.5092318,12.86315538
1123,00:37.4,224.3430425,9.833810764
1124,00:37.5,233.6441189,9.301076389
1125,00:37.5,242.1094618,8.465342882
1126,00:37.5,242.1240321,0.014570313
1127,00:37.6,252.3655903,10.24155816
1128,00:37.6,252.3652908,-0.000299479
1129,00:37.6,252.3878819,0.022591146
1130,00:37.7,252.3852561,-0.002625868
1131,00:37.7,252.3859592,0.000703125
1132,00:37.7,252.3826693,-0.003289931
1133,00:37.8,252.3838368,0.001167535
1134,00:37.8,252.4017101,0.017873264
1135,00:37.8,252.4117578,0.010047743
1136,00:37.9,252.4116927,-6.51E-05
1137,00:37.9,252.4200998,0.008407118
1138,00:37.9,252.5111545,0.091054687
1139,00:38.0,252.5110156,-0.000138889
1140,00:38.0,252.5118576,0.000842014
1141,00:38.0,252.5116016,-0.000256076
1142,00:38.1,252.5111155,-0.000486111
1143,00:38.1,252.5108854,-0.000230035
1144,00:38.1,252.5107639,-0.000121528
1145,00:38.2,252.5108854,0.000121528
1146,00:38.2,252.5107639,-0.000121528
1147,00:38.2,252.5108854,0.000121528
1148,00:38.3,252.5107639,-0.000121528
1149,00:38.3,252.5108854,0.000121528
1150,00:38.3,252.5158507,0.004965278
1151,00:38.4,252.5166493,0.000798611
1152,00:38.4,252.516059,-0.000590278
1153,00:38.4,252.5155425,-0.000516493
1154,00:38.5,252.5151563,-0.000386285
1155,00:38.5,252.5149783,-0.000177951
1156,00:38.5,252.5151563,0.000177951
1157,00:38.6,252.5149783,-0.000177951
1158,00:38.6,252.5151563,0.000177951
1159,00:38.6,252.5149783,-0.000177951
1160,00:38.7,252.5151563,0.000177951
1161,00:38.7,252.5149783,-0.000177951
1162,00:38.7,251.9434028,-0.571575521
1163,00:38.8,251.4799392,-0.463463542
1164,00:38.8,250.5223134,-0.957625868
1165,00:38.8,250.0219184,-0.500394965
1166,00:38.9,250.018776,-0.003142361
1167,00:38.9,249.3815582,-0.637217882
1168,00:38.9,247.9198003,-1.461757813
1169,00:39.0,247.4573611,-0.462439236
1170,00:39.0,246.6971354,-0.760225694
1171,00:39.0,246.6948741,-0.002261285
1172,00:39.1,246.1653906,-0.529483507
1173,00:39.1,245.2822135,-0.883177083
1174,00:39.1,244.7433724,-0.538841146
1175,00:39.2,244.0799913,-0.663381076
1176,00:39.2,244.07148,-0.008511285
1177,00:39.2,243.386224,-0.685256076
1178,00:39.3,242.6199392,-0.766284722
1179,00:39.3,242.0540538,-0.565885417
1180,00:39.3,241.2567101,-0.79734375
1181,00:39.4,241.2518924,-0.004817708
1182,00:39.4,240.8531684,-0.398723958
1183,00:39.4,239.8926042,-0.960564236
1184,00:39.5,239.3828082,-0.509796007
1185,00:39.5,238.7171571,-0.665651042
1186,00:39.5,238.7096224,-0.007534722
1187,00:39.6,238.0714844,-0.638138021
1188,00:39.6,237.2400043,-0.831480035
1189,00:39.6,236.5393359,-0.700668403
1190,00:39.7,235.98898,-0.550355903
1191,00:39.7,235.9831684,-0.005811632
1192,00:39.7,235.3911372,-0.59203125
1193,00:39.8,234.5100998,-0.881037326
1194,00:39.8,234.0057378,-0.504361979
1195,00:39.8,233.3643012,-0.641436632
1196,00:39.9,233.3586155,-0.005685764
1197,00:39.9,232.796671,-0.561944444
1198,00:39.9,231.4007856,-1.395885417
1199,00:40.0,230.9386328,-0.462152778
1200,00:40.0,230.914809,-0.023823785
1201,00:40.0,230.9125043,-0.002304688
1202,00:40.1,230.8059505,-0.106553819
1203,00:40.1,230.8038021,-0.002148437
1204,00:40.1,230.7560894,-0.047712674
1205,00:40.2,230.7497222,-0.006367187
1206,00:40.2,230.7480903,-0.001631944
1207,00:40.2,230.7291102,-0.018980035
1208,00:40.3,230.7292535,0.000143229
1209,00:40.3,230.7244184,-0.004835069
1210,00:40.3,230.6086111,-0.115807292
1211,00:40.4,230.6074653,-0.001145833
1212,00:40.4,230.6020139,-0.005451389
1213,00:40.4,230.6012283,-0.00078559
1214,00:40.5,230.5767925,-0.024435764
1215,00:40.5,230.5741493,-0.002643229
1216,00:40.5,230.5738628,-0.000286458
1217,00:40.6,230.5855599,0.011697049
1218,00:40.6,230.5844488,-0.001111111
1219,00:40.6,230.5839063,-0.000542535
1220,00:40.7,230.584579,0.000672743
1221,00:40.7,230.583763,-0.000815972
1222,00:40.7,230.5838585,9.55E-05
1223,00:40.8,230.5838889,3.04E-05
1224,00:40.8,230.5823872,-0.001501736
1225,00:40.8,230.5835894,0.001202257
1226,00:40.9,230.583533,-5.64E-05
1227,00:40.9,230.5839844,0.000451389
1228,00:40.9,230.5812023,-0.002782118
1229,00:41.0,230.5824913,0.001289062
1230,00:41.0,230.5839887,0.001497396
1231,00:41.0,230.5842535,0.000264757
1232,00:41.1,230.5799696,-0.004283854
1233,00:41.1,230.5802691,0.000299479
1234,00:41.1,230.5801128,-0.00015625
1235,00:41.2,230.5800087,-0.000104167
1236,00:41.2,230.5799957,-1.30E-05
1237,00:41.2,230.5801649,0.000169271
1238,00:41.3,230.5801606,-4.34E-06
1239,00:41.3,230.5804991,0.000338542
1240,00:41.3,230.5818663,0.001367187
1241,00:41.4,230.5824696,0.000603299
1242,00:41.4,230.5807813,-0.001688368
1243,00:41.4,230.5821615,0.001380208
1244,00:41.5,230.5802951,-0.001866319
1245,00:41.5,230.5805469,0.000251736
1246,00:41.5,230.5800651,-0.000481771
1247,00:41.6,230.574796,-0.005269097
1248,00:41.6,230.573533,-0.001263021
1249,00:41.6,230.5713411,-0.00219184
1250,00:41.7,230.5709375,-0.000403646
1251,00:41.7,230.5703082,-0.00062934
1252,00:41.7,230.5677344,-0.002573785
1253,00:41.8,230.5729644,0.005230035
1254,00:41.8,230.5721962,-0.000768229
1255,00:41.8,230.5742274,0.00203125
1256,00:41.9,230.5737109,-0.000516493
1257,00:41.9,230.572717,-0.000993924
1258,00:41.9,230.5735503,0.000833333
1259,00:42.0,230.5717231,-0.001827257
1260,00:42.0,230.5732292,0.001506076
1261,00:42.0,230.5737543,0.000525174
1262,00:42.1,230.5719965,-0.001757812
1263,00:42.1,230.5745139,0.002517361
1264,00:42.1,230.5725304,-0.001983507
1265,00:42.2,230.5731554,0.000625
1266,00:42.2,230.5729514,-0.000203993
1267,00:42.2,230.5729905,3.91E-05
1268,00:42.3,230.572717,-0.000273437
1269,00:42.3,230.5732726,0.000555556
1270,00:42.3,230.5701259,-0.003146701
1271,00:42.4,230.5710938,0.000967882
1272,00:42.4,230.5712196,0.000125868
1273,00:42.4,230.5724349,0.001215278
1274,00:42.5,230.5724826,4.77E-05
1275,00:42.5,230.572283,-0.000199653
1276,00:42.5,230.5726823,0.000399306
1277,00:42.6,230.5675391,-0.005143229
1278,00:42.6,230.5672526,-0.000286458
1279,00:42.6,230.5652865,-0.001966146
1280,00:42.7,230.5663108,0.001024306
1281,00:42.7,230.5663411,3.04E-05
1282,00:42.7,230.5663976,5.64E-05
1283,00:42.8,230.5666667,0.000269097
1284,00:42.8,230.5662109,-0.000455729
1285,00:42.8,230.566237,2.60E-05
1286,00:42.9,230.5661892,-4.77E-05
1287,00:42.9,230.5664844,0.000295139
1288,00:42.9,230.5662674,-0.000217014
1289,00:43.0,230.5655469,-0.000720486
1290,00:43.0,230.5659722,0.000425347
1291,00:43.0,230.5660807,0.000108507
1292,00:43.1,230.5660286,-5.21E-05
1293,00:43.1,230.5661285,9.98E-05
1294,00:43.1,230.5671701,0.001041667
1295,00:43.2,230.5673785,0.000208333
1296,00:43.2,230.5671311,-0.000247396
1297,00:43.2,230.5663715,-0.000759549
1298,00:43.3,230.5663585,-1.30E-05
1299,00:43.3,230.5677561,0.001397569
1300,00:43.3,230.5706727,0.002916667
1301,00:43.4,230.5700825,-0.000590278
1302,00:43.4,230.5735156,0.00343316
1303,00:43.4,230.5728819,-0.000633681
1304,00:43.5,230.5724696,-0.000412326
1305,00:43.5,230.574145,0.001675347
1306,00:43.5,230.5739236,-0.000221354
1307,00:43.6,230.5781467,0.00422309
1308,00:43.6,230.5801866,0.002039931
1309,00:43.6,230.5799957,-0.000190972
1310,00:43.7,230.5800477,5.21E-05
1311,00:43.7,230.5798568,-0.000190972
1312,00:43.7,230.5802387,0.000381944
1313,00:43.8,230.5800694,-0.000169271
1314,00:43.8,230.5802083,0.000138889
1315,00:43.8,230.5801606,-4.77E-05
1316,00:43.9,230.5807075,0.000546875
1317,00:43.9,230.5802951,-0.000412326
1318,00:43.9,230.5802257,-6.94E-05
1319,00:44.0,230.5800391,-0.000186632
1320,00:44.0,230.5803689,0.000329861
1321,00:44.0,230.5801302,-0.000238715
1322,00:44.1,230.5802083,7.81E-05
1323,00:44.1,230.5801389,-6.94E-05
1324,00:44.1,230.5806033,0.00046441
1325,00:44.2,230.5801997,-0.000403646
1326,00:44.2,230.5802821,8.25E-05
